Model,Val F1,Val Precision,Val Recall,Val ROC-AUC,Val PR-AUC,Test F1,Test Precision,Test Recall,Test ROC-AUC,Test PR-AUC
Logistic Regression,0.23684210526315788,0.13846153846153847,0.8181818181818182,0.9101562500000001,0.40176957346159126,0.19718309859154928,0.11666666666666667,0.6363636363636364,0.8196022727272727,0.1445534082932532
XGBoost,0.2553191489361702,0.16666666666666666,0.5454545454545454,0.8696732954545454,0.21542243648830578,0.17857142857142858,0.1111111111111111,0.45454545454545453,0.8000710227272727,0.2677458285224572
